image,annotations
00041000_test.jpg,00041000.txt
00041001_test.jpg,00041001.txt
00041002_test.jpg,00041002.txt
00041003_test.jpg,00041003.txt
00041004_test.jpg,00041004.txt
00041005_test.jpg,00041005.txt
00041006_test.jpg,00041006.txt
00041007_test.jpg,00041007.txt
00041008_test.jpg,00041008.txt
00041009_test.jpg,00041009.txt
00041010_test.jpg,00041010.txt
00041011_test.jpg,00041011.txt
00041012_test.jpg,00041012.txt
00041013_test.jpg,00041013.txt
00041014_test.jpg,00041014.txt
00041015_test.jpg,00041015.txt
00041016_test.jpg,00041016.txt
00041017_test.jpg,00041017.txt
00041018_test.jpg,00041018.txt
00041019_test.jpg,00041019.txt
00041020_test.jpg,00041020.txt
00041021_test.jpg,00041021.txt
00041022_test.jpg,00041022.txt
00041023_test.jpg,00041023.txt
00041024_test.jpg,00041024.txt
00041025_test.jpg,00041025.txt
00041026_test.jpg,00041026.txt
00041027_test.jpg,00041027.txt
00041028_test.jpg,00041028.txt
00041029_test.jpg,00041029.txt
00041030_test.jpg,00041030.txt
00041031_test.jpg,00041031.txt
00041032_test.jpg,00041032.txt
00041033_test.jpg,00041033.txt
00041034_test.jpg,00041034.txt
00041035_test.jpg,00041035.txt
00041036_test.jpg,00041036.txt
00041037_test.jpg,00041037.txt
00041038_test.jpg,00041038.txt
00041039_test.jpg,00041039.txt
00041040_test.jpg,00041040.txt
00041041_test.jpg,00041041.txt
00041042_test.jpg,00041042.txt
00041043_test.jpg,00041043.txt
00041044_test.jpg,00041044.txt
00041045_test.jpg,00041045.txt
00041046_test.jpg,00041046.txt
00041047_test.jpg,00041047.txt
00041048_test.jpg,00041048.txt
00041049_test.jpg,00041049.txt
00041050_test.jpg,00041050.txt
00041051_test.jpg,00041051.txt
00041052_test.jpg,00041052.txt
00041053_test.jpg,00041053.txt
00041054_test.jpg,00041054.txt
00041055_test.jpg,00041055.txt
00041056_test.jpg,00041056.txt
00041057_test.jpg,00041057.txt
00041058_test.jpg,00041058.txt
00041059_test.jpg,00041059.txt
00041060_test.jpg,00041060.txt
00041061_test.jpg,00041061.txt
00041062_test.jpg,00041062.txt
00041063_test.jpg,00041063.txt
00041064_test.jpg,00041064.txt
00041065_test.jpg,00041065.txt
00041066_test.jpg,00041066.txt
00041067_test.jpg,00041067.txt
00041068_test.jpg,00041068.txt
00041069_test.jpg,00041069.txt
00041070_test.jpg,00041070.txt
00041071_test.jpg,00041071.txt
00041072_test.jpg,00041072.txt
00041073_test.jpg,00041073.txt
00041074_test.jpg,00041074.txt
00041075_test.jpg,00041075.txt
00041076_test.jpg,00041076.txt
00041077_test.jpg,00041077.txt
00041078_test.jpg,00041078.txt
00041079_test.jpg,00041079.txt
00041080_test.jpg,00041080.txt
00041081_test.jpg,00041081.txt
00041082_test.jpg,00041082.txt
00041083_test.jpg,00041083.txt
00041084_test.jpg,00041084.txt
00041085_test.jpg,00041085.txt
00041086_test.jpg,00041086.txt
00041087_test.jpg,00041087.txt
00041088_test.jpg,00041088.txt
00041089_test.jpg,00041089.txt
00041090_test.jpg,00041090.txt
00041091_test.jpg,00041091.txt
00041092_test.jpg,00041092.txt
00041093_test.jpg,00041093.txt
00041094_test.jpg,00041094.txt
00041095_test.jpg,00041095.txt
00041096_test.jpg,00041096.txt
00041097_test.jpg,00041097.txt
00041098_test.jpg,00041098.txt
00041099_test.jpg,00041099.txt
00041100_test.jpg,00041100.txt
00041101_test.jpg,00041101.txt
00041102_test.jpg,00041102.txt
00041103_test.jpg,00041103.txt
00041104_test.jpg,00041104.txt
00041105_test.jpg,00041105.txt
00041106_test.jpg,00041106.txt
00041107_test.jpg,00041107.txt
00041108_test.jpg,00041108.txt
00041109_test.jpg,00041109.txt
00041110_test.jpg,00041110.txt
00041111_test.jpg,00041111.txt
00041112_test.jpg,00041112.txt
00041113_test.jpg,00041113.txt
00041114_test.jpg,00041114.txt
00041115_test.jpg,00041115.txt
00041116_test.jpg,00041116.txt
00041117_test.jpg,00041117.txt
00041118_test.jpg,00041118.txt
00041119_test.jpg,00041119.txt
00041120_test.jpg,00041120.txt
00041121_test.jpg,00041121.txt
00041122_test.jpg,00041122.txt
00041123_test.jpg,00041123.txt
00041124_test.jpg,00041124.txt
00041125_test.jpg,00041125.txt
00041126_test.jpg,00041126.txt
00041127_test.jpg,00041127.txt
00041128_test.jpg,00041128.txt
00041129_test.jpg,00041129.txt
00041130_test.jpg,00041130.txt
00041131_test.jpg,00041131.txt
00041132_test.jpg,00041132.txt
00041133_test.jpg,00041133.txt
00041134_test.jpg,00041134.txt
00041135_test.jpg,00041135.txt
00041136_test.jpg,00041136.txt
00041137_test.jpg,00041137.txt
00041138_test.jpg,00041138.txt
00041139_test.jpg,00041139.txt
00041140_test.jpg,00041140.txt
00041141_test.jpg,00041141.txt
00041142_test.jpg,00041142.txt
00041143_test.jpg,00041143.txt
00041144_test.jpg,00041144.txt
00041145_test.jpg,00041145.txt
00041146_test.jpg,00041146.txt
00041147_test.jpg,00041147.txt
00041148_test.jpg,00041148.txt
00041149_test.jpg,00041149.txt
00041150_test.jpg,00041150.txt
00041151_test.jpg,00041151.txt
00041152_test.jpg,00041152.txt
00041153_test.jpg,00041153.txt
00041154_test.jpg,00041154.txt
00041155_test.jpg,00041155.txt
00041156_test.jpg,00041156.txt
00041157_test.jpg,00041157.txt
00041158_test.jpg,00041158.txt
00041159_test.jpg,00041159.txt
00041160_test.jpg,00041160.txt
00041161_test.jpg,00041161.txt
00041162_test.jpg,00041162.txt
00041163_test.jpg,00041163.txt
00041164_test.jpg,00041164.txt
00041165_test.jpg,00041165.txt
00041166_test.jpg,00041166.txt
00041167_test.jpg,00041167.txt
00041168_test.jpg,00041168.txt
00041169_test.jpg,00041169.txt
00041170_test.jpg,00041170.txt
00041171_test.jpg,00041171.txt
00041172_test.jpg,00041172.txt
00041173_test.jpg,00041173.txt
00041174_test.jpg,00041174.txt
00041175_test.jpg,00041175.txt
00041176_test.jpg,00041176.txt
00041177_test.jpg,00041177.txt
00041178_test.jpg,00041178.txt
00041179_test.jpg,00041179.txt
00041180_test.jpg,00041180.txt
00041181_test.jpg,00041181.txt
00041182_test.jpg,00041182.txt
00041183_test.jpg,00041183.txt
00041184_test.jpg,00041184.txt
00041185_test.jpg,00041185.txt
00041186_test.jpg,00041186.txt
00041187_test.jpg,00041187.txt
00041188_test.jpg,00041188.txt
00041189_test.jpg,00041189.txt
00041190_test.jpg,00041190.txt
00041191_test.jpg,00041191.txt
00041192_test.jpg,00041192.txt
00041193_test.jpg,00041193.txt
00041194_test.jpg,00041194.txt
00041195_test.jpg,00041195.txt
00041196_test.jpg,00041196.txt
00041197_test.jpg,00041197.txt
00041198_test.jpg,00041198.txt
00041199_test.jpg,00041199.txt
00041200_test.jpg,00041200.txt
00041201_test.jpg,00041201.txt
00041202_test.jpg,00041202.txt
00041203_test.jpg,00041203.txt
00041204_test.jpg,00041204.txt
00041205_test.jpg,00041205.txt
00041206_test.jpg,00041206.txt
00041207_test.jpg,00041207.txt
00041208_test.jpg,00041208.txt
00041209_test.jpg,00041209.txt
00041210_test.jpg,00041210.txt
00041211_test.jpg,00041211.txt
00041212_test.jpg,00041212.txt
00041213_test.jpg,00041213.txt
00041214_test.jpg,00041214.txt
00041215_test.jpg,00041215.txt
00041216_test.jpg,00041216.txt
00041217_test.jpg,00041217.txt
00041218_test.jpg,00041218.txt
00041219_test.jpg,00041219.txt
00041220_test.jpg,00041220.txt
12000001_test.jpg,12000001.txt
12000017_test.jpg,12000017.txt
12000038_test.jpg,12000038.txt
12000052_test.jpg,12000052.txt
12000068_test.jpg,12000068.txt
12000085_test.jpg,12000085.txt
12000102_test.jpg,12000102.txt
12000119_test.jpg,12000119.txt
12000136_test.jpg,12000136.txt
12000155_test.jpg,12000155.txt
12000171_test.jpg,12000171.txt
12000187_test.jpg,12000187.txt
12000204_test.jpg,12000204.txt
12000593_test.jpg,12000593.txt
12100000_test.jpg,12100000.txt
12100001_test.jpg,12100001.txt
12100002_test.jpg,12100002.txt
12100003_test.jpg,12100003.txt
12100004_test.jpg,12100004.txt
12100005_test.jpg,12100005.txt
12100006_test.jpg,12100006.txt
12100007_test.jpg,12100007.txt
12100008_test.jpg,12100008.txt
12100009_test.jpg,12100009.txt
12100010_test.jpg,12100010.txt
12100011_test.jpg,12100011.txt
12100012_test.jpg,12100012.txt
12100013_test.jpg,12100013.txt
12100014_test.jpg,12100014.txt
12100015_test.jpg,12100015.txt
12100016_test.jpg,12100016.txt
12100017_test.jpg,12100017.txt
12100018_test.jpg,12100018.txt
12100019_test.jpg,12100019.txt
12100020_test.jpg,12100020.txt
12100021_test.jpg,12100021.txt
12100022_test.jpg,12100022.txt
12100023_test.jpg,12100023.txt
12100024_test.jpg,12100024.txt
12100025_test.jpg,12100025.txt
12100026_test.jpg,12100026.txt
12100027_test.jpg,12100027.txt
12100028_test.jpg,12100028.txt
12100029_test.jpg,12100029.txt
12100030_test.jpg,12100030.txt
12100031_test.jpg,12100031.txt
12100032_test.jpg,12100032.txt
12100033_test.jpg,12100033.txt
12100034_test.jpg,12100034.txt
12100035_test.jpg,12100035.txt
12100036_test.jpg,12100036.txt
12100037_test.jpg,12100037.txt
12100038_test.jpg,12100038.txt
12100039_test.jpg,12100039.txt
12100040_test.jpg,12100040.txt
12100041_test.jpg,12100041.txt
12100042_test.jpg,12100042.txt
12100043_test.jpg,12100043.txt
12100044_test.jpg,12100044.txt
12100045_test.jpg,12100045.txt
12100046_test.jpg,12100046.txt
12100047_test.jpg,12100047.txt
12100048_test.jpg,12100048.txt
12100049_test.jpg,12100049.txt
12100050_test.jpg,12100050.txt
12100051_test.jpg,12100051.txt
12100052_test.jpg,12100052.txt
12100053_test.jpg,12100053.txt
12100054_test.jpg,12100054.txt
12100055_test.jpg,12100055.txt
12100056_test.jpg,12100056.txt
12100057_test.jpg,12100057.txt
12100058_test.jpg,12100058.txt
12100059_test.jpg,12100059.txt
12100060_test.jpg,12100060.txt
12100061_test.jpg,12100061.txt
12100062_test.jpg,12100062.txt
12100063_test.jpg,12100063.txt
12100064_test.jpg,12100064.txt
12100065_test.jpg,12100065.txt
12100121_test.jpg,12100121.txt
12100122_test.jpg,12100122.txt
12100123_test.jpg,12100123.txt
12100124_test.jpg,12100124.txt
12100125_test.jpg,12100125.txt
12100126_test.jpg,12100126.txt
12100127_test.jpg,12100127.txt
12100128_test.jpg,12100128.txt
12100129_test.jpg,12100129.txt
12100130_test.jpg,12100130.txt
12100131_test.jpg,12100131.txt
12100132_test.jpg,12100132.txt
12100133_test.jpg,12100133.txt
12100134_test.jpg,12100134.txt
12100135_test.jpg,12100135.txt
12100136_test.jpg,12100136.txt
12100137_test.jpg,12100137.txt
12100138_test.jpg,12100138.txt
12100139_test.jpg,12100139.txt
12100140_test.jpg,12100140.txt
12100141_test.jpg,12100141.txt
12100142_test.jpg,12100142.txt
12100143_test.jpg,12100143.txt
12100144_test.jpg,12100144.txt
12100145_test.jpg,12100145.txt
12100146_test.jpg,12100146.txt
12100147_test.jpg,12100147.txt
12100148_test.jpg,12100148.txt
12100149_test.jpg,12100149.txt
12100150_test.jpg,12100150.txt
12100151_test.jpg,12100151.txt
12100152_test.jpg,12100152.txt
12100153_test.jpg,12100153.txt
12100154_test.jpg,12100154.txt
12100155_test.jpg,12100155.txt
12100156_test.jpg,12100156.txt
12100157_test.jpg,12100157.txt
12100158_test.jpg,12100158.txt
12100159_test.jpg,12100159.txt
12100160_test.jpg,12100160.txt
12100161_test.jpg,12100161.txt
12100162_test.jpg,12100162.txt
12100163_test.jpg,12100163.txt
12100164_test.jpg,12100164.txt
12100165_test.jpg,12100165.txt
12100166_test.jpg,12100166.txt
12100167_test.jpg,12100167.txt
12100168_test.jpg,12100168.txt
12100169_test.jpg,12100169.txt
12100170_test.jpg,12100170.txt
12100171_test.jpg,12100171.txt
12100172_test.jpg,12100172.txt
12100173_test.jpg,12100173.txt
12100174_test.jpg,12100174.txt
12100175_test.jpg,12100175.txt
12100176_test.jpg,12100176.txt
12100177_test.jpg,12100177.txt
12100178_test.jpg,12100178.txt
12100179_test.jpg,12100179.txt
12100180_test.jpg,12100180.txt
12100181_test.jpg,12100181.txt
12100182_test.jpg,12100182.txt
12100183_test.jpg,12100183.txt
12100184_test.jpg,12100184.txt
12100185_test.jpg,12100185.txt
12100186_test.jpg,12100186.txt
12100187_test.jpg,12100187.txt
12100188_test.jpg,12100188.txt
12100189_test.jpg,12100189.txt
12100190_test.jpg,12100190.txt
12100191_test.jpg,12100191.txt
12100192_test.jpg,12100192.txt
12100193_test.jpg,12100193.txt
12100194_test.jpg,12100194.txt
12100195_test.jpg,12100195.txt
12100196_test.jpg,12100196.txt
12100197_test.jpg,12100197.txt
12100198_test.jpg,12100198.txt
12100199_test.jpg,12100199.txt
12100200_test.jpg,12100200.txt
12300060_test.jpg,12300060.txt
12300061_test.jpg,12300061.txt
12300062_test.jpg,12300062.txt
12300063_test.jpg,12300063.txt
12300064_test.jpg,12300064.txt
12300065_test.jpg,12300065.txt
12300066_test.jpg,12300066.txt
12300067_test.jpg,12300067.txt
12300068_test.jpg,12300068.txt
12300069_test.jpg,12300069.txt
12300070_test.jpg,12300070.txt
12300071_test.jpg,12300071.txt
12300072_test.jpg,12300072.txt
12300073_test.jpg,12300073.txt
12300074_test.jpg,12300074.txt
12300075_test.jpg,12300075.txt
12300076_test.jpg,12300076.txt
12300077_test.jpg,12300077.txt
12300108_test.jpg,12300108.txt
12300109_test.jpg,12300109.txt
12300110_test.jpg,12300110.txt
12300111_test.jpg,12300111.txt
12300112_test.jpg,12300112.txt
12300113_test.jpg,12300113.txt
12300114_test.jpg,12300114.txt
12300115_test.jpg,12300115.txt
12300116_test.jpg,12300116.txt
12300117_test.jpg,12300117.txt
12300118_test.jpg,12300118.txt
12300119_test.jpg,12300119.txt
12300120_test.jpg,12300120.txt
12300121_test.jpg,12300121.txt
12300122_test.jpg,12300122.txt
12300123_test.jpg,12300123.txt
12300124_test.jpg,12300124.txt
12300125_test.jpg,12300125.txt
12300126_test.jpg,12300126.txt
12300127_test.jpg,12300127.txt
12300128_test.jpg,12300128.txt
12300129_test.jpg,12300129.txt
12300130_test.jpg,12300130.txt
12300131_test.jpg,12300131.txt
12300132_test.jpg,12300132.txt
12300133_test.jpg,12300133.txt
12300134_test.jpg,12300134.txt
12300135_test.jpg,12300135.txt
12300136_test.jpg,12300136.txt
12300137_test.jpg,12300137.txt
12300138_test.jpg,12300138.txt
12300139_test.jpg,12300139.txt
12300140_test.jpg,12300140.txt
12300141_test.jpg,12300141.txt
12300142_test.jpg,12300142.txt
12300144_test.jpg,12300144.txt
12300145_test.jpg,12300145.txt
12300146_test.jpg,12300146.txt
12300147_test.jpg,12300147.txt
12300148_test.jpg,12300148.txt
12300149_test.jpg,12300149.txt
12300150_test.jpg,12300150.txt
12300151_test.jpg,12300151.txt
12300152_test.jpg,12300152.txt
12300153_test.jpg,12300153.txt
12300154_test.jpg,12300154.txt
12300155_test.jpg,12300155.txt
12300156_test.jpg,12300156.txt
12300216_test.jpg,12300216.txt
12300217_test.jpg,12300217.txt
12300218_test.jpg,12300218.txt
12300219_test.jpg,12300219.txt
12300220_test.jpg,12300220.txt
12300221_test.jpg,12300221.txt
12300222_test.jpg,12300222.txt
12300223_test.jpg,12300223.txt
12300224_test.jpg,12300224.txt
12300225_test.jpg,12300225.txt
12300226_test.jpg,12300226.txt
12300227_test.jpg,12300227.txt
12300228_test.jpg,12300228.txt
12300229_test.jpg,12300229.txt
12300230_test.jpg,12300230.txt
12300231_test.jpg,12300231.txt
12300232_test.jpg,12300232.txt
12300234_test.jpg,12300234.txt
12300235_test.jpg,12300235.txt
12300236_test.jpg,12300236.txt
12300237_test.jpg,12300237.txt
12300238_test.jpg,12300238.txt
12300239_test.jpg,12300239.txt
12300240_test.jpg,12300240.txt
12300241_test.jpg,12300241.txt
12300242_test.jpg,12300242.txt
12300243_test.jpg,12300243.txt
12300244_test.jpg,12300244.txt
12300245_test.jpg,12300245.txt
12300246_test.jpg,12300246.txt
12300247_test.jpg,12300247.txt
12300248_test.jpg,12300248.txt
13000000_test.jpg,13000000.txt
13000001_test.jpg,13000001.txt
13000002_test.jpg,13000002.txt
13000003_test.jpg,13000003.txt
13000004_test.jpg,13000004.txt
13000005_test.jpg,13000005.txt
13000006_test.jpg,13000006.txt
13000007_test.jpg,13000007.txt
13000008_test.jpg,13000008.txt
13000009_test.jpg,13000009.txt
13000010_test.jpg,13000010.txt
13000011_test.jpg,13000011.txt
13000012_test.jpg,13000012.txt
13000013_test.jpg,13000013.txt
13000014_test.jpg,13000014.txt
13000015_test.jpg,13000015.txt
13000016_test.jpg,13000016.txt
13000017_test.jpg,13000017.txt
13000018_test.jpg,13000018.txt
13000019_test.jpg,13000019.txt
13000020_test.jpg,13000020.txt
13000021_test.jpg,13000021.txt
13000022_test.jpg,13000022.txt
13000023_test.jpg,13000023.txt
13000024_test.jpg,13000024.txt
13000025_test.jpg,13000025.txt
13000026_test.jpg,13000026.txt
13000027_test.jpg,13000027.txt
13000028_test.jpg,13000028.txt
13000029_test.jpg,13000029.txt
13000030_test.jpg,13000030.txt
13000031_test.jpg,13000031.txt
13000032_test.jpg,13000032.txt
13000033_test.jpg,13000033.txt
13000034_test.jpg,13000034.txt
13000035_test.jpg,13000035.txt
13000036_test.jpg,13000036.txt
13000037_test.jpg,13000037.txt
13000038_test.jpg,13000038.txt
13000039_test.jpg,13000039.txt
13000040_test.jpg,13000040.txt
13000041_test.jpg,13000041.txt
13000042_test.jpg,13000042.txt
13000043_test.jpg,13000043.txt
13000044_test.jpg,13000044.txt
13000045_test.jpg,13000045.txt
13000046_test.jpg,13000046.txt
13000047_test.jpg,13000047.txt
13000048_test.jpg,13000048.txt
13000049_test.jpg,13000049.txt
13000050_test.jpg,13000050.txt
13000051_test.jpg,13000051.txt
13000052_test.jpg,13000052.txt
13000053_test.jpg,13000053.txt
13000054_test.jpg,13000054.txt
13000055_test.jpg,13000055.txt
13000056_test.jpg,13000056.txt
13000057_test.jpg,13000057.txt
13000058_test.jpg,13000058.txt
13000059_test.jpg,13000059.txt
13000060_test.jpg,13000060.txt
13000061_test.jpg,13000061.txt
13000062_test.jpg,13000062.txt
13000063_test.jpg,13000063.txt
13000064_test.jpg,13000064.txt
13000065_test.jpg,13000065.txt
13000066_test.jpg,13000066.txt
13000067_test.jpg,13000067.txt
13000068_test.jpg,13000068.txt
13000069_test.jpg,13000069.txt
13000070_test.jpg,13000070.txt
13000071_test.jpg,13000071.txt
13000072_test.jpg,13000072.txt
13000073_test.jpg,13000073.txt
13000074_test.jpg,13000074.txt
13000075_test.jpg,13000075.txt
13000076_test.jpg,13000076.txt
13000077_test.jpg,13000077.txt
13000078_test.jpg,13000078.txt
13000079_test.jpg,13000079.txt
13000080_test.jpg,13000080.txt
13000081_test.jpg,13000081.txt
13000082_test.jpg,13000082.txt
13000083_test.jpg,13000083.txt
13000084_test.jpg,13000084.txt
13000085_test.jpg,13000085.txt
13000086_test.jpg,13000086.txt
13000087_test.jpg,13000087.txt
13000088_test.jpg,13000088.txt
13000089_test.jpg,13000089.txt
13000090_test.jpg,13000090.txt
13000091_test.jpg,13000091.txt
13000092_test.jpg,13000092.txt
13000093_test.jpg,13000093.txt
13000094_test.jpg,13000094.txt
13000095_test.jpg,13000095.txt
13000096_test.jpg,13000096.txt
13000097_test.jpg,13000097.txt
13000098_test.jpg,13000098.txt
13000099_test.jpg,13000099.txt
13000100_test.jpg,13000100.txt
13000101_test.jpg,13000101.txt
13000102_test.jpg,13000102.txt
13000103_test.jpg,13000103.txt
13000104_test.jpg,13000104.txt
13000105_test.jpg,13000105.txt
13000106_test.jpg,13000106.txt
13000107_test.jpg,13000107.txt
13000108_test.jpg,13000108.txt
13000109_test.jpg,13000109.txt
13000110_test.jpg,13000110.txt
13000111_test.jpg,13000111.txt
13000112_test.jpg,13000112.txt
13000113_test.jpg,13000113.txt
13000114_test.jpg,13000114.txt
13000115_test.jpg,13000115.txt
13000116_test.jpg,13000116.txt
13000117_test.jpg,13000117.txt
13000118_test.jpg,13000118.txt
13000119_test.jpg,13000119.txt
13000120_test.jpg,13000120.txt
13000121_test.jpg,13000121.txt
13000122_test.jpg,13000122.txt
13000123_test.jpg,13000123.txt
13000124_test.jpg,13000124.txt
13000125_test.jpg,13000125.txt
13000126_test.jpg,13000126.txt
13000127_test.jpg,13000127.txt
13000128_test.jpg,13000128.txt
13000129_test.jpg,13000129.txt
13000130_test.jpg,13000130.txt
13000131_test.jpg,13000131.txt
13000132_test.jpg,13000132.txt
13000133_test.jpg,13000133.txt
13000134_test.jpg,13000134.txt
13000135_test.jpg,13000135.txt
13000136_test.jpg,13000136.txt
13000137_test.jpg,13000137.txt
13000138_test.jpg,13000138.txt
13000139_test.jpg,13000139.txt
13000140_test.jpg,13000140.txt
13000141_test.jpg,13000141.txt
13000142_test.jpg,13000142.txt
13000143_test.jpg,13000143.txt
13000144_test.jpg,13000144.txt
13000145_test.jpg,13000145.txt
13000146_test.jpg,13000146.txt
13000147_test.jpg,13000147.txt
13000148_test.jpg,13000148.txt
13000149_test.jpg,13000149.txt
13000150_test.jpg,13000150.txt
13000151_test.jpg,13000151.txt
13000152_test.jpg,13000152.txt
13000153_test.jpg,13000153.txt
13000154_test.jpg,13000154.txt
13000155_test.jpg,13000155.txt
13000156_test.jpg,13000156.txt
13000157_test.jpg,13000157.txt
13000158_test.jpg,13000158.txt
13000159_test.jpg,13000159.txt
13000160_test.jpg,13000160.txt
13000161_test.jpg,13000161.txt
13000162_test.jpg,13000162.txt
13000163_test.jpg,13000163.txt
13000164_test.jpg,13000164.txt
13000165_test.jpg,13000165.txt
13000166_test.jpg,13000166.txt
13000167_test.jpg,13000167.txt
13000168_test.jpg,13000168.txt
13000169_test.jpg,13000169.txt
13000170_test.jpg,13000170.txt
13000171_test.jpg,13000171.txt
13000172_test.jpg,13000172.txt
13000173_test.jpg,13000173.txt
13000174_test.jpg,13000174.txt
13000175_test.jpg,13000175.txt
13000176_test.jpg,13000176.txt
13000177_test.jpg,13000177.txt
13000178_test.jpg,13000178.txt
13000179_test.jpg,13000179.txt
13000180_test.jpg,13000180.txt
13000181_test.jpg,13000181.txt
13000182_test.jpg,13000182.txt
13000183_test.jpg,13000183.txt
13000184_test.jpg,13000184.txt
13000185_test.jpg,13000185.txt
13000186_test.jpg,13000186.txt
13000187_test.jpg,13000187.txt
13000188_test.jpg,13000188.txt
13000189_test.jpg,13000189.txt
13000190_test.jpg,13000190.txt
13000191_test.jpg,13000191.txt
13000192_test.jpg,13000192.txt
13000193_test.jpg,13000193.txt
13000194_test.jpg,13000194.txt
13000195_test.jpg,13000195.txt
13000196_test.jpg,13000196.txt
13000197_test.jpg,13000197.txt
13000198_test.jpg,13000198.txt
13000199_test.jpg,13000199.txt
13000200_test.jpg,13000200.txt
13000201_test.jpg,13000201.txt
13000202_test.jpg,13000202.txt
13000203_test.jpg,13000203.txt
13000204_test.jpg,13000204.txt
13000205_test.jpg,13000205.txt
13000206_test.jpg,13000206.txt
13000207_test.jpg,13000207.txt
13000208_test.jpg,13000208.txt
13000209_test.jpg,13000209.txt
13000210_test.jpg,13000210.txt
13000211_test.jpg,13000211.txt
13000212_test.jpg,13000212.txt
13000213_test.jpg,13000213.txt
13000214_test.jpg,13000214.txt
13000215_test.jpg,13000215.txt
20085000_test.jpg,20085000.txt
20085001_test.jpg,20085001.txt
20085002_test.jpg,20085002.txt
20085003_test.jpg,20085003.txt
20085004_test.jpg,20085004.txt
20085005_test.jpg,20085005.txt
20085006_test.jpg,20085006.txt
20085007_test.jpg,20085007.txt
20085008_test.jpg,20085008.txt
20085009_test.jpg,20085009.txt
20085010_test.jpg,20085010.txt
20085011_test.jpg,20085011.txt
20085012_test.jpg,20085012.txt
20085013_test.jpg,20085013.txt
20085014_test.jpg,20085014.txt
20085015_test.jpg,20085015.txt
20085016_test.jpg,20085016.txt
20085017_test.jpg,20085017.txt
20085018_test.jpg,20085018.txt
20085019_test.jpg,20085019.txt
20085020_test.jpg,20085020.txt
20085021_test.jpg,20085021.txt
20085022_test.jpg,20085022.txt
20085023_test.jpg,20085023.txt
20085024_test.jpg,20085024.txt
20085025_test.jpg,20085025.txt
20085026_test.jpg,20085026.txt
20085027_test.jpg,20085027.txt
20085028_test.jpg,20085028.txt
20085029_test.jpg,20085029.txt
20085030_test.jpg,20085030.txt
20085031_test.jpg,20085031.txt
20085032_test.jpg,20085032.txt
20085033_test.jpg,20085033.txt
20085034_test.jpg,20085034.txt
20085035_test.jpg,20085035.txt
20085036_test.jpg,20085036.txt
20085037_test.jpg,20085037.txt
20085038_test.jpg,20085038.txt
20085039_test.jpg,20085039.txt
20085040_test.jpg,20085040.txt
20085041_test.jpg,20085041.txt
20085042_test.jpg,20085042.txt
20085043_test.jpg,20085043.txt
20085044_test.jpg,20085044.txt
20085045_test.jpg,20085045.txt
20085046_test.jpg,20085046.txt
20085047_test.jpg,20085047.txt
20085048_test.jpg,20085048.txt
20085049_test.jpg,20085049.txt
20085050_test.jpg,20085050.txt
20085051_test.jpg,20085051.txt
20085052_test.jpg,20085052.txt
20085053_test.jpg,20085053.txt
20085054_test.jpg,20085054.txt
20085055_test.jpg,20085055.txt
20085056_test.jpg,20085056.txt
20085057_test.jpg,20085057.txt
20085058_test.jpg,20085058.txt
20085059_test.jpg,20085059.txt
20085060_test.jpg,20085060.txt
20085061_test.jpg,20085061.txt
20085062_test.jpg,20085062.txt
20085063_test.jpg,20085063.txt
20085064_test.jpg,20085064.txt
20085065_test.jpg,20085065.txt
20085066_test.jpg,20085066.txt
20085067_test.jpg,20085067.txt
20085068_test.jpg,20085068.txt
20085069_test.jpg,20085069.txt
20085070_test.jpg,20085070.txt
20085071_test.jpg,20085071.txt
20085072_test.jpg,20085072.txt
20085073_test.jpg,20085073.txt
20085074_test.jpg,20085074.txt
20085075_test.jpg,20085075.txt
20085076_test.jpg,20085076.txt
20085077_test.jpg,20085077.txt
20085078_test.jpg,20085078.txt
20085079_test.jpg,20085079.txt
20085080_test.jpg,20085080.txt
20085081_test.jpg,20085081.txt
20085082_test.jpg,20085082.txt
20085083_test.jpg,20085083.txt
20085084_test.jpg,20085084.txt
20085085_test.jpg,20085085.txt
20085086_test.jpg,20085086.txt
20085087_test.jpg,20085087.txt
20085088_test.jpg,20085088.txt
20085089_test.jpg,20085089.txt
20085090_test.jpg,20085090.txt
20085091_test.jpg,20085091.txt
20085092_test.jpg,20085092.txt
20085093_test.jpg,20085093.txt
20085094_test.jpg,20085094.txt
20085095_test.jpg,20085095.txt
20085096_test.jpg,20085096.txt
20085097_test.jpg,20085097.txt
20085098_test.jpg,20085098.txt
20085099_test.jpg,20085099.txt
20085100_test.jpg,20085100.txt
20085101_test.jpg,20085101.txt
20085102_test.jpg,20085102.txt
20085103_test.jpg,20085103.txt
20085104_test.jpg,20085104.txt
20085105_test.jpg,20085105.txt
20085106_test.jpg,20085106.txt
20085107_test.jpg,20085107.txt
20085108_test.jpg,20085108.txt
20085109_test.jpg,20085109.txt
20085110_test.jpg,20085110.txt
20085111_test.jpg,20085111.txt
20085112_test.jpg,20085112.txt
20085113_test.jpg,20085113.txt
20085114_test.jpg,20085114.txt
20085115_test.jpg,20085115.txt
20085116_test.jpg,20085116.txt
20085117_test.jpg,20085117.txt
20085118_test.jpg,20085118.txt
20085119_test.jpg,20085119.txt
20085120_test.jpg,20085120.txt
20085121_test.jpg,20085121.txt
20085122_test.jpg,20085122.txt
20085123_test.jpg,20085123.txt
20085124_test.jpg,20085124.txt
20085125_test.jpg,20085125.txt
20085126_test.jpg,20085126.txt
20085127_test.jpg,20085127.txt
20085128_test.jpg,20085128.txt
20085129_test.jpg,20085129.txt
20085130_test.jpg,20085130.txt
20085131_test.jpg,20085131.txt
20085132_test.jpg,20085132.txt
20085133_test.jpg,20085133.txt
20085134_test.jpg,20085134.txt
20085135_test.jpg,20085135.txt
20085136_test.jpg,20085136.txt
20085137_test.jpg,20085137.txt
20085138_test.jpg,20085138.txt
20085139_test.jpg,20085139.txt
20085140_test.jpg,20085140.txt
20085141_test.jpg,20085141.txt
20085142_test.jpg,20085142.txt
20085143_test.jpg,20085143.txt
20085144_test.jpg,20085144.txt
20085145_test.jpg,20085145.txt
20085146_test.jpg,20085146.txt
20085147_test.jpg,20085147.txt
20085148_test.jpg,20085148.txt
20085149_test.jpg,20085149.txt
20085150_test.jpg,20085150.txt
20085151_test.jpg,20085151.txt
20085152_test.jpg,20085152.txt
20085153_test.jpg,20085153.txt
20085154_test.jpg,20085154.txt
20085155_test.jpg,20085155.txt
20085156_test.jpg,20085156.txt
20085157_test.jpg,20085157.txt
20085158_test.jpg,20085158.txt
20085159_test.jpg,20085159.txt
20085160_test.jpg,20085160.txt
20085161_test.jpg,20085161.txt
20085162_test.jpg,20085162.txt
20085163_test.jpg,20085163.txt
20085164_test.jpg,20085164.txt
20085165_test.jpg,20085165.txt
20085166_test.jpg,20085166.txt
20085167_test.jpg,20085167.txt
20085168_test.jpg,20085168.txt
20085169_test.jpg,20085169.txt
20085170_test.jpg,20085170.txt
20085171_test.jpg,20085171.txt
20085172_test.jpg,20085172.txt
20085173_test.jpg,20085173.txt
20085174_test.jpg,20085174.txt
20085175_test.jpg,20085175.txt
20085176_test.jpg,20085176.txt
20085177_test.jpg,20085177.txt
20085178_test.jpg,20085178.txt
20085179_test.jpg,20085179.txt
20085180_test.jpg,20085180.txt
20085181_test.jpg,20085181.txt
20085182_test.jpg,20085182.txt
20085183_test.jpg,20085183.txt
20085184_test.jpg,20085184.txt
20085185_test.jpg,20085185.txt
20085186_test.jpg,20085186.txt
20085187_test.jpg,20085187.txt
20085188_test.jpg,20085188.txt
20085189_test.jpg,20085189.txt
20085190_test.jpg,20085190.txt
20085191_test.jpg,20085191.txt
20085192_test.jpg,20085192.txt
20085193_test.jpg,20085193.txt
20085194_test.jpg,20085194.txt
20085195_test.jpg,20085195.txt
20085196_test.jpg,20085196.txt
20085197_test.jpg,20085197.txt
20085198_test.jpg,20085198.txt
20085199_test.jpg,20085199.txt
20085200_test.jpg,20085200.txt
20085201_test.jpg,20085201.txt
20085202_test.jpg,20085202.txt
20085203_test.jpg,20085203.txt
20085204_test.jpg,20085204.txt
20085205_test.jpg,20085205.txt
20085206_test.jpg,20085206.txt
20085207_test.jpg,20085207.txt
20085208_test.jpg,20085208.txt
20085209_test.jpg,20085209.txt
20085210_test.jpg,20085210.txt
20085211_test.jpg,20085211.txt
20085212_test.jpg,20085212.txt
20085213_test.jpg,20085213.txt
20085214_test.jpg,20085214.txt
20085215_test.jpg,20085215.txt
20085216_test.jpg,20085216.txt
20085217_test.jpg,20085217.txt
20085218_test.jpg,20085218.txt
20085219_test.jpg,20085219.txt
20085220_test.jpg,20085220.txt
20085221_test.jpg,20085221.txt
20085222_test.jpg,20085222.txt
20085223_test.jpg,20085223.txt
20085224_test.jpg,20085224.txt
20085225_test.jpg,20085225.txt
20085226_test.jpg,20085226.txt
20085227_test.jpg,20085227.txt
20085228_test.jpg,20085228.txt
20085229_test.jpg,20085229.txt
20085230_test.jpg,20085230.txt
20085231_test.jpg,20085231.txt
20085232_test.jpg,20085232.txt
20085233_test.jpg,20085233.txt
20085234_test.jpg,20085234.txt
20085235_test.jpg,20085235.txt
20085236_test.jpg,20085236.txt
20085237_test.jpg,20085237.txt
20085238_test.jpg,20085238.txt
20085239_test.jpg,20085239.txt
20085240_test.jpg,20085240.txt
20085241_test.jpg,20085241.txt
20085242_test.jpg,20085242.txt
20085243_test.jpg,20085243.txt
20085244_test.jpg,20085244.txt
20085245_test.jpg,20085245.txt
20085246_test.jpg,20085246.txt
20085247_test.jpg,20085247.txt
20085248_test.jpg,20085248.txt
20085249_test.jpg,20085249.txt
20085250_test.jpg,20085250.txt
20085251_test.jpg,20085251.txt
20085252_test.jpg,20085252.txt
20085253_test.jpg,20085253.txt
20085254_test.jpg,20085254.txt
20085255_test.jpg,20085255.txt
20085256_test.jpg,20085256.txt
20085257_test.jpg,20085257.txt
20085258_test.jpg,20085258.txt
20085259_test.jpg,20085259.txt
20085260_test.jpg,20085260.txt
20085261_test.jpg,20085261.txt
20085262_test.jpg,20085262.txt
20085263_test.jpg,20085263.txt
20085264_test.jpg,20085264.txt
20085265_test.jpg,20085265.txt
20085266_test.jpg,20085266.txt
20085267_test.jpg,20085267.txt
20085268_test.jpg,20085268.txt
20085269_test.jpg,20085269.txt
20085270_test.jpg,20085270.txt
20085271_test.jpg,20085271.txt
20085272_test.jpg,20085272.txt
20085273_test.jpg,20085273.txt
20085274_test.jpg,20085274.txt
20085275_test.jpg,20085275.txt
20085276_test.jpg,20085276.txt
20085277_test.jpg,20085277.txt
20085278_test.jpg,20085278.txt
20085279_test.jpg,20085279.txt
20085280_test.jpg,20085280.txt
20085281_test.jpg,20085281.txt
20085282_test.jpg,20085282.txt
20085283_test.jpg,20085283.txt
20085284_test.jpg,20085284.txt
20085285_test.jpg,20085285.txt
20085286_test.jpg,20085286.txt
20085287_test.jpg,20085287.txt
20085288_test.jpg,20085288.txt
20085289_test.jpg,20085289.txt
20085290_test.jpg,20085290.txt
20085291_test.jpg,20085291.txt
20085292_test.jpg,20085292.txt
20085293_test.jpg,20085293.txt
20085294_test.jpg,20085294.txt
20085295_test.jpg,20085295.txt
20085296_test.jpg,20085296.txt
20085297_test.jpg,20085297.txt
20085298_test.jpg,20085298.txt
20085299_test.jpg,20085299.txt
20085300_test.jpg,20085300.txt
20085301_test.jpg,20085301.txt
20085302_test.jpg,20085302.txt
20085303_test.jpg,20085303.txt
20085304_test.jpg,20085304.txt
20085305_test.jpg,20085305.txt
20085306_test.jpg,20085306.txt
20085307_test.jpg,20085307.txt
20085308_test.jpg,20085308.txt
20085309_test.jpg,20085309.txt
20085310_test.jpg,20085310.txt
20085311_test.jpg,20085311.txt
20085312_test.jpg,20085312.txt
20085313_test.jpg,20085313.txt
20085314_test.jpg,20085314.txt
20085315_test.jpg,20085315.txt
20085316_test.jpg,20085316.txt
20085317_test.jpg,20085317.txt
20085318_test.jpg,20085318.txt
20085319_test.jpg,20085319.txt
20085320_test.jpg,20085320.txt
20085321_test.jpg,20085321.txt
20085322_test.jpg,20085322.txt
20085323_test.jpg,20085323.txt
20085324_test.jpg,20085324.txt
44000011_test.jpg,44000011.txt
44000012_test.jpg,44000012.txt
44000013_test.jpg,44000013.txt
44000014_test.jpg,44000014.txt
44000015_test.jpg,44000015.txt
44000016_test.jpg,44000016.txt
44000017_test.jpg,44000017.txt
44000018_test.jpg,44000018.txt
44000019_test.jpg,44000019.txt
44000020_test.jpg,44000020.txt
44000021_test.jpg,44000021.txt
44000022_test.jpg,44000022.txt
44000023_test.jpg,44000023.txt
44000024_test.jpg,44000024.txt
44000025_test.jpg,44000025.txt
44000026_test.jpg,44000026.txt
44000027_test.jpg,44000027.txt
44000028_test.jpg,44000028.txt
44000029_test.jpg,44000029.txt
44000030_test.jpg,44000030.txt
44000031_test.jpg,44000031.txt
44000032_test.jpg,44000032.txt
44000033_test.jpg,44000033.txt
44000034_test.jpg,44000034.txt
44000036_test.jpg,44000036.txt
44000037_test.jpg,44000037.txt
44000038_test.jpg,44000038.txt
44000039_test.jpg,44000039.txt
44000040_test.jpg,44000040.txt
44000041_test.jpg,44000041.txt
44000042_test.jpg,44000042.txt
44000043_test.jpg,44000043.txt
44000044_test.jpg,44000044.txt
44000045_test.jpg,44000045.txt
44000046_test.jpg,44000046.txt
44000047_test.jpg,44000047.txt
44000048_test.jpg,44000048.txt
44000049_test.jpg,44000049.txt
44000050_test.jpg,44000050.txt
44000051_test.jpg,44000051.txt
44000052_test.jpg,44000052.txt
44000053_test.jpg,44000053.txt
44000054_test.jpg,44000054.txt
44000055_test.jpg,44000055.txt
44000056_test.jpg,44000056.txt
44000057_test.jpg,44000057.txt
44000058_test.jpg,44000058.txt
44000059_test.jpg,44000059.txt
44000060_test.jpg,44000060.txt
44000061_test.jpg,44000061.txt
44000062_test.jpg,44000062.txt
44000063_test.jpg,44000063.txt
44000064_test.jpg,44000064.txt
44000065_test.jpg,44000065.txt
44000066_test.jpg,44000066.txt
44000067_test.jpg,44000067.txt
44000068_test.jpg,44000068.txt
44000069_test.jpg,44000069.txt
44000070_test.jpg,44000070.txt
44000072_test.jpg,44000072.txt
44000073_test.jpg,44000073.txt
44000074_test.jpg,44000074.txt
44000075_test.jpg,44000075.txt
44000076_test.jpg,44000076.txt
44000077_test.jpg,44000077.txt
44000078_test.jpg,44000078.txt
44000079_test.jpg,44000079.txt
44000080_test.jpg,44000080.txt
44000081_test.jpg,44000081.txt
44000082_test.jpg,44000082.txt
44000083_test.jpg,44000083.txt
44000084_test.jpg,44000084.txt
44000085_test.jpg,44000085.txt
44000086_test.jpg,44000086.txt
44000087_test.jpg,44000087.txt
44000088_test.jpg,44000088.txt
44000090_test.jpg,44000090.txt
44000091_test.jpg,44000091.txt
44000092_test.jpg,44000092.txt
44000093_test.jpg,44000093.txt
44000094_test.jpg,44000094.txt
44000095_test.jpg,44000095.txt
44000096_test.jpg,44000096.txt
44000097_test.jpg,44000097.txt
44000098_test.jpg,44000098.txt
44000099_test.jpg,44000099.txt
44000100_test.jpg,44000100.txt
44000101_test.jpg,44000101.txt
44000102_test.jpg,44000102.txt
44000103_test.jpg,44000103.txt
44000104_test.jpg,44000104.txt
44000105_test.jpg,44000105.txt
44000106_test.jpg,44000106.txt
44000107_test.jpg,44000107.txt
44000108_test.jpg,44000108.txt
44000109_test.jpg,44000109.txt
44000110_test.jpg,44000110.txt
44000111_test.jpg,44000111.txt
44000112_test.jpg,44000112.txt
44000113_test.jpg,44000113.txt
50600000_test.jpg,50600000.txt
50600001_test.jpg,50600001.txt
50600002_test.jpg,50600002.txt
50600003_test.jpg,50600003.txt
50600004_test.jpg,50600004.txt
50600005_test.jpg,50600005.txt
50600006_test.jpg,50600006.txt
50600007_test.jpg,50600007.txt
50600008_test.jpg,50600008.txt
50600009_test.jpg,50600009.txt
50600010_test.jpg,50600010.txt
50600011_test.jpg,50600011.txt
50600012_test.jpg,50600012.txt
50600013_test.jpg,50600013.txt
50600014_test.jpg,50600014.txt
50600015_test.jpg,50600015.txt
50600016_test.jpg,50600016.txt
50600017_test.jpg,50600017.txt
50600018_test.jpg,50600018.txt
50600019_test.jpg,50600019.txt
50600020_test.jpg,50600020.txt
50600021_test.jpg,50600021.txt
50600022_test.jpg,50600022.txt
50600023_test.jpg,50600023.txt
50600024_test.jpg,50600024.txt
50600025_test.jpg,50600025.txt
50600026_test.jpg,50600026.txt
50600027_test.jpg,50600027.txt
50600028_test.jpg,50600028.txt
50600029_test.jpg,50600029.txt
50600030_test.jpg,50600030.txt
50600031_test.jpg,50600031.txt
50600032_test.jpg,50600032.txt
50600033_test.jpg,50600033.txt
50600034_test.jpg,50600034.txt
50600035_test.jpg,50600035.txt
50600036_test.jpg,50600036.txt
50600037_test.jpg,50600037.txt
50600038_test.jpg,50600038.txt
50600039_test.jpg,50600039.txt
50600040_test.jpg,50600040.txt
50600041_test.jpg,50600041.txt
50600042_test.jpg,50600042.txt
50600043_test.jpg,50600043.txt
50600044_test.jpg,50600044.txt
50600045_test.jpg,50600045.txt
50600046_test.jpg,50600046.txt
50600047_test.jpg,50600047.txt
50600048_test.jpg,50600048.txt
50600049_test.jpg,50600049.txt
50600050_test.jpg,50600050.txt
50600051_test.jpg,50600051.txt
50600052_test.jpg,50600052.txt
50600053_test.jpg,50600053.txt
50600054_test.jpg,50600054.txt
50600055_test.jpg,50600055.txt
50600056_test.jpg,50600056.txt
50600057_test.jpg,50600057.txt
50600058_test.jpg,50600058.txt
50600059_test.jpg,50600059.txt
50600060_test.jpg,50600060.txt
50600061_test.jpg,50600061.txt
50600062_test.jpg,50600062.txt
50600063_test.jpg,50600063.txt
50600064_test.jpg,50600064.txt
50600065_test.jpg,50600065.txt
50600066_test.jpg,50600066.txt
50600067_test.jpg,50600067.txt
50600068_test.jpg,50600068.txt
50600069_test.jpg,50600069.txt
50600070_test.jpg,50600070.txt
50600071_test.jpg,50600071.txt
50600072_test.jpg,50600072.txt
50600073_test.jpg,50600073.txt
50600074_test.jpg,50600074.txt
50600075_test.jpg,50600075.txt
50600076_test.jpg,50600076.txt
50600077_test.jpg,50600077.txt
50600078_test.jpg,50600078.txt
77000000_test.jpg,77000000.txt
77000001_test.jpg,77000001.txt
77000002_test.jpg,77000002.txt
77000003_test.jpg,77000003.txt
77000004_test.jpg,77000004.txt
77000005_test.jpg,77000005.txt
77000006_test.jpg,77000006.txt
77000007_test.jpg,77000007.txt
77000008_test.jpg,77000008.txt
77000009_test.jpg,77000009.txt
77000010_test.jpg,77000010.txt
77000011_test.jpg,77000011.txt
77000012_test.jpg,77000012.txt
77000013_test.jpg,77000013.txt
77000014_test.jpg,77000014.txt
77000015_test.jpg,77000015.txt
77000016_test.jpg,77000016.txt
77000017_test.jpg,77000017.txt
77000018_test.jpg,77000018.txt
77000019_test.jpg,77000019.txt
77000020_test.jpg,77000020.txt
77000021_test.jpg,77000021.txt
77000022_test.jpg,77000022.txt
77000023_test.jpg,77000023.txt
77000024_test.jpg,77000024.txt
77000025_test.jpg,77000025.txt
77000026_test.jpg,77000026.txt
77000027_test.jpg,77000027.txt
77000028_test.jpg,77000028.txt
77000029_test.jpg,77000029.txt
77000030_test.jpg,77000030.txt
77000031_test.jpg,77000031.txt
77000032_test.jpg,77000032.txt
77000033_test.jpg,77000033.txt
77000034_test.jpg,77000034.txt
77000035_test.jpg,77000035.txt
77000036_test.jpg,77000036.txt
77000037_test.jpg,77000037.txt
77000038_test.jpg,77000038.txt
77000039_test.jpg,77000039.txt
77000040_test.jpg,77000040.txt
77000041_test.jpg,77000041.txt
77000042_test.jpg,77000042.txt
77000043_test.jpg,77000043.txt
77000044_test.jpg,77000044.txt
77000045_test.jpg,77000045.txt
77000046_test.jpg,77000046.txt
77000047_test.jpg,77000047.txt
77000048_test.jpg,77000048.txt
77000049_test.jpg,77000049.txt
77000050_test.jpg,77000050.txt
77000051_test.jpg,77000051.txt
77000052_test.jpg,77000052.txt
77000053_test.jpg,77000053.txt
77000054_test.jpg,77000054.txt
77000055_test.jpg,77000055.txt
77000056_test.jpg,77000056.txt
77000057_test.jpg,77000057.txt
77000058_test.jpg,77000058.txt
77000059_test.jpg,77000059.txt
77000060_test.jpg,77000060.txt
77000061_test.jpg,77000061.txt
77000062_test.jpg,77000062.txt
77000063_test.jpg,77000063.txt
77000064_test.jpg,77000064.txt
77000065_test.jpg,77000065.txt
77000066_test.jpg,77000066.txt
77000067_test.jpg,77000067.txt
77000068_test.jpg,77000068.txt
77000069_test.jpg,77000069.txt
77000070_test.jpg,77000070.txt
77000071_test.jpg,77000071.txt
77000072_test.jpg,77000072.txt
77000073_test.jpg,77000073.txt
77000074_test.jpg,77000074.txt
77000075_test.jpg,77000075.txt
77000076_test.jpg,77000076.txt
77000077_test.jpg,77000077.txt
77000078_test.jpg,77000078.txt
77000079_test.jpg,77000079.txt
77000080_test.jpg,77000080.txt
77000081_test.jpg,77000081.txt
77000082_test.jpg,77000082.txt
77000083_test.jpg,77000083.txt
77000084_test.jpg,77000084.txt
77000085_test.jpg,77000085.txt
77000086_test.jpg,77000086.txt
77000087_test.jpg,77000087.txt
77000088_test.jpg,77000088.txt
77000089_test.jpg,77000089.txt
77000090_test.jpg,77000090.txt
77000091_test.jpg,77000091.txt
77000092_test.jpg,77000092.txt
77000093_test.jpg,77000093.txt
77000094_test.jpg,77000094.txt
77000095_test.jpg,77000095.txt
77000096_test.jpg,77000096.txt
77000097_test.jpg,77000097.txt
77000098_test.jpg,77000098.txt
77000099_test.jpg,77000099.txt
77000100_test.jpg,77000100.txt
77000101_test.jpg,77000101.txt
77000102_test.jpg,77000102.txt
77000103_test.jpg,77000103.txt
77000104_test.jpg,77000104.txt
77000105_test.jpg,77000105.txt
77000106_test.jpg,77000106.txt
90100000_test.jpg,90100000.txt
90100001_test.jpg,90100001.txt
90100002_test.jpg,90100002.txt
90100003_test.jpg,90100003.txt
90100004_test.jpg,90100004.txt
90100005_test.jpg,90100005.txt
90100006_test.jpg,90100006.txt
90100008_test.jpg,90100008.txt
90100009_test.jpg,90100009.txt
90100010_test.jpg,90100010.txt
90100011_test.jpg,90100011.txt
90100012_test.jpg,90100012.txt
90100013_test.jpg,90100013.txt
90100014_test.jpg,90100014.txt
90100016_test.jpg,90100016.txt
90100017_test.jpg,90100017.txt
90100018_test.jpg,90100018.txt
90100019_test.jpg,90100019.txt
90100020_test.jpg,90100020.txt
90100021_test.jpg,90100021.txt
90100022_test.jpg,90100022.txt
90100024_test.jpg,90100024.txt
90100025_test.jpg,90100025.txt
90100026_test.jpg,90100026.txt
90100027_test.jpg,90100027.txt
90100028_test.jpg,90100028.txt
90100029_test.jpg,90100029.txt
90100030_test.jpg,90100030.txt
90100032_test.jpg,90100032.txt
90100033_test.jpg,90100033.txt
90100035_test.jpg,90100035.txt
90100036_test.jpg,90100036.txt
90100037_test.jpg,90100037.txt
90100038_test.jpg,90100038.txt
90100040_test.jpg,90100040.txt
90100041_test.jpg,90100041.txt
90100042_test.jpg,90100042.txt
90100043_test.jpg,90100043.txt
90100044_test.jpg,90100044.txt
90100045_test.jpg,90100045.txt
90100046_test.jpg,90100046.txt
90100048_test.jpg,90100048.txt
90100049_test.jpg,90100049.txt
90100050_test.jpg,90100050.txt
90100051_test.jpg,90100051.txt
90100052_test.jpg,90100052.txt
90100053_test.jpg,90100053.txt
90100054_test.jpg,90100054.txt
90100056_test.jpg,90100056.txt
90100057_test.jpg,90100057.txt
90100058_test.jpg,90100058.txt
90100059_test.jpg,90100059.txt
90100060_test.jpg,90100060.txt
90100061_test.jpg,90100061.txt
90100062_test.jpg,90100062.txt
90100064_test.jpg,90100064.txt
90100065_test.jpg,90100065.txt
90100066_test.jpg,90100066.txt
90100067_test.jpg,90100067.txt
90100068_test.jpg,90100068.txt
90100069_test.jpg,90100069.txt
90100070_test.jpg,90100070.txt
90100072_test.jpg,90100072.txt
90100073_test.jpg,90100073.txt
90100074_test.jpg,90100074.txt
90100075_test.jpg,90100075.txt
90100076_test.jpg,90100076.txt
90100077_test.jpg,90100077.txt
90100078_test.jpg,90100078.txt
90100081_test.jpg,90100081.txt
90100082_test.jpg,90100082.txt
90100083_test.jpg,90100083.txt
90100084_test.jpg,90100084.txt
90100086_test.jpg,90100086.txt
92000000_test.jpg,92000000.txt
92000001_test.jpg,92000001.txt
92000002_test.jpg,92000002.txt
92000003_test.jpg,92000003.txt
92000004_test.jpg,92000004.txt
92000005_test.jpg,92000005.txt
92000006_test.jpg,92000006.txt
92000007_test.jpg,92000007.txt
92000008_test.jpg,92000008.txt
92000009_test.jpg,92000009.txt
92000010_test.jpg,92000010.txt
92000011_test.jpg,92000011.txt
92000012_test.jpg,92000012.txt
92000013_test.jpg,92000013.txt
92000014_test.jpg,92000014.txt
92000015_test.jpg,92000015.txt
92000016_test.jpg,92000016.txt
92000017_test.jpg,92000017.txt
92000018_test.jpg,92000018.txt
92000019_test.jpg,92000019.txt
92000020_test.jpg,92000020.txt
92000021_test.jpg,92000021.txt
92000022_test.jpg,92000022.txt
92000023_test.jpg,92000023.txt
92000024_test.jpg,92000024.txt
92000025_test.jpg,92000025.txt
92000026_test.jpg,92000026.txt
92000027_test.jpg,92000027.txt
92000028_test.jpg,92000028.txt
92000029_test.jpg,92000029.txt
92000030_test.jpg,92000030.txt
92000031_test.jpg,92000031.txt
92000032_test.jpg,92000032.txt
92000033_test.jpg,92000033.txt
92000034_test.jpg,92000034.txt
92000035_test.jpg,92000035.txt
92000036_test.jpg,92000036.txt
92000037_test.jpg,92000037.txt
92000038_test.jpg,92000038.txt
92000039_test.jpg,92000039.txt
92000040_test.jpg,92000040.txt
92000041_test.jpg,92000041.txt
92000042_test.jpg,92000042.txt
92000043_test.jpg,92000043.txt
92000044_test.jpg,92000044.txt
92000045_test.jpg,92000045.txt
92000046_test.jpg,92000046.txt
92000047_test.jpg,92000047.txt
92000048_test.jpg,92000048.txt
92000049_test.jpg,92000049.txt
92000050_test.jpg,92000050.txt
92000051_test.jpg,92000051.txt
92000052_test.jpg,92000052.txt
92000053_test.jpg,92000053.txt
92000054_test.jpg,92000054.txt
92000055_test.jpg,92000055.txt
92000056_test.jpg,92000056.txt
92000057_test.jpg,92000057.txt
92000058_test.jpg,92000058.txt
92000059_test.jpg,92000059.txt
92000060_test.jpg,92000060.txt
92000061_test.jpg,92000061.txt
92000062_test.jpg,92000062.txt
92000063_test.jpg,92000063.txt
92000064_test.jpg,92000064.txt
92000065_test.jpg,92000065.txt
92000066_test.jpg,92000066.txt
92000067_test.jpg,92000067.txt
92000068_test.jpg,92000068.txt
92000069_test.jpg,92000069.txt
92000070_test.jpg,92000070.txt
92000071_test.jpg,92000071.txt
92000072_test.jpg,92000072.txt
92000073_test.jpg,92000073.txt
92000074_test.jpg,92000074.txt
92000075_test.jpg,92000075.txt
92000076_test.jpg,92000076.txt
92000077_test.jpg,92000077.txt
92000078_test.jpg,92000078.txt
92000079_test.jpg,92000079.txt
92000080_test.jpg,92000080.txt
92000081_test.jpg,92000081.txt
92000082_test.jpg,92000082.txt
92000083_test.jpg,92000083.txt
92000084_test.jpg,92000084.txt
92000085_test.jpg,92000085.txt
92000086_test.jpg,92000086.txt
92000087_test.jpg,92000087.txt
92000088_test.jpg,92000088.txt
92000089_test.jpg,92000089.txt
92000090_test.jpg,92000090.txt
92000091_test.jpg,92000091.txt
92000092_test.jpg,92000092.txt
92000093_test.jpg,92000093.txt
92000094_test.jpg,92000094.txt
92000095_test.jpg,92000095.txt
92000096_test.jpg,92000096.txt
92000097_test.jpg,92000097.txt
92000098_test.jpg,92000098.txt
92000099_test.jpg,92000099.txt
92000100_test.jpg,92000100.txt
92000101_test.jpg,92000101.txt
92000102_test.jpg,92000102.txt
92000103_test.jpg,92000103.txt
92000104_test.jpg,92000104.txt
92000105_test.jpg,92000105.txt
92000106_test.jpg,92000106.txt
92000107_test.jpg,92000107.txt
92000108_test.jpg,92000108.txt
92000109_test.jpg,92000109.txt
92000110_test.jpg,92000110.txt
92000111_test.jpg,92000111.txt
92000112_test.jpg,92000112.txt
92000113_test.jpg,92000113.txt
92000114_test.jpg,92000114.txt
92000115_test.jpg,92000115.txt
92000116_test.jpg,92000116.txt
92000117_test.jpg,92000117.txt
92000118_test.jpg,92000118.txt
92000119_test.jpg,92000119.txt
